{"cameraMode":{"drawMode":0,"name":"Shaded","section":"Shading Mode"},"sceneLighting":true,"audioPlay":false,"sceneViewState":{"m_AlwaysRefresh":false,"showFog":true,"showSkybox":true,"showFlares":true,"showImageEffects":true,"showParticleSystems":true,"showVisualEffectGraphs":true,"m_FxEnabled":true},"in2DMode":false,"pivot":{"x":905.8966064453125,"y":107.06682586669922,"z":370.8689880371094},"rotation":{"x":-0.03593676537275314,"y":0.9166150093078613,"z":-0.08466863632202149,"w":-0.38905152678489687},"size":12.709650993347168,"orthographic":false}